-- phpMyAdmin SQL Dump
-- version 4.5.4.1
-- http://www.phpmyadmin.net
--
-- Client :  localhost
-- Généré le :  Jeu 21 Avril 2022 à 16:50
-- Version du serveur :  5.7.11
-- Version de PHP :  7.0.3

SET SQL_MODE = "NO_AUTO_VALUE_ON_ZERO";
SET time_zone = "+00:00";


/*!40101 SET @OLD_CHARACTER_SET_CLIENT=@@CHARACTER_SET_CLIENT */;
/*!40101 SET @OLD_CHARACTER_SET_RESULTS=@@CHARACTER_SET_RESULTS */;
/*!40101 SET @OLD_COLLATION_CONNECTION=@@COLLATION_CONNECTION */;
/*!40101 SET NAMES utf8mb4 */;

--
-- Base de données :  `bot_sniffer`
--

-- --------------------------------------------------------

--
-- Structure de la table `item`
--

CREATE TABLE `item` (
  `name` varchar(255) NOT NULL
) ENGINE=InnoDB DEFAULT CHARSET=latin1;

--
-- Contenu de la table `item`
--

INSERT INTO `item` (`name`) VALUES
('Alli glours panda tank'),
('Alliance brulame'),
('Alliance gloursonne'),
('Alliance missiz friz'),
('Alliance pandamonium'),
('Anneau rtograf'),
('Bagues instable'),
('Bouclier anerice'),
('Bouclier possédé'),
('Cadran d\'eau'),
('Missiz friz commande');

-- --------------------------------------------------------

--
-- Structure de la table `message_network`
--

CREATE TABLE `message_network` (
  `id_message` int(11) DEFAULT NULL,
  `name_message` varchar(255) DEFAULT NULL
) ENGINE=InnoDB DEFAULT CHARSET=latin1;

--
-- Contenu de la table `message_network`
--

INSERT INTO `message_network` (`id_message`, `name_message`) VALUES
(6302, 'AdminCommandMessage'),
(1192, 'AdminQuietCommandMessage'),
(4181, 'ConsoleCommandsListMessage'),
(5210, 'ConsoleMessage'),
(2, 'NetworkDataContainerMessage'),
(7378, 'BasicPingMessage'),
(6774, 'BasicPongMessage'),
(7671, 'BasicStatMessage'),
(5765, 'BasicStatWithDataMessage'),
(1044, 'CredentialsAcknowledgementMessage'),
(8570, 'HelloConnectMessage'),
(9824, 'IdentificationAccountForceMessage'),
(8421, 'IdentificationFailedBannedMessage'),
(3902, 'IdentificationFailedForBadVersionMessage'),
(6105, 'IdentificationFailedMessage'),
(5172, 'IdentificationMessage'),
(4701, 'IdentificationSuccessMessage'),
(6398, 'IdentificationSuccessWithLoginTokenMessage'),
(6080, 'MigratedServerListMessage'),
(7504, 'SelectedServerDataExtendedMessage'),
(6156, 'SelectedServerDataMessage'),
(2407, 'SelectedServerRefusedMessage'),
(9224, 'ServerSelectionMessage'),
(6910, 'ServersListMessage'),
(4515, 'ServerStatusUpdateMessage'),
(7873, 'AccountLinkRequiredMessage'),
(9627, 'NicknameAcceptedMessage'),
(2287, 'NicknameChoiceRequestMessage'),
(6116, 'NicknameRefusedMessage'),
(7776, 'NicknameRegistrationMessage'),
(5143, 'AcquaintanceSearchErrorMessage'),
(3270, 'AcquaintanceSearchMessage'),
(4528, 'AcquaintanceServerListMessage'),
(1672, 'DebugClearHighlightCellsMessage'),
(2908, 'DebugHighlightCellsMessage'),
(2809, 'DebugInClientMessage'),
(2931, 'DumpedEntityStatsMessage'),
(9969, 'PaginationAnswerAbstractMessage'),
(5745, 'PaginationRequestAbstractMessage'),
(9162, 'AchievementAlmostFinishedDetailedListMessage'),
(2187, 'AchievementAlmostFinishedDetailedListRequestMessage'),
(8469, 'AchievementDetailedListMessage'),
(5284, 'AchievementDetailedListRequestMessage'),
(2568, 'AchievementDetailsMessage'),
(216, 'AchievementDetailsRequestMessage'),
(8111, 'AchievementFinishedInformationMessage'),
(1012, 'AchievementFinishedMessage'),
(2957, 'AchievementListMessage'),
(8022, 'AchievementRewardErrorMessage'),
(8388, 'AchievementRewardRequestMessage'),
(6624, 'AchievementRewardSuccessMessage'),
(3275, 'FriendGuildSetWarnOnAchievementCompleteMessage'),
(1517, 'FriendGuildWarnOnAchievementCompleteStateMessage'),
(6581, 'AbstractGameActionMessage'),
(5832, 'AbstractGameActionWithAckMessage'),
(639, 'GameActionAcknowledgementMessage'),
(4332, 'GameActionNoopMessage'),
(8447, 'GameActionSpamMessage'),
(5219, 'AbstractGameActionFightTargetedAbilityMessage'),
(3760, 'GameActionFightActivateGlyphTrapMessage'),
(6925, 'GameActionFightCarryCharacterMessage'),
(1907, 'GameActionFightCastOnTargetRequestMessage'),
(1653, 'GameActionFightCastRequestMessage'),
(9100, 'GameActionFightChangeLookMessage'),
(8867, 'GameActionFightCloseCombatMessage'),
(8036, 'GameActionFightDeathMessage'),
(6722, 'GameActionFightDispellableEffectMessage'),
(4631, 'GameActionFightDispellEffectMessage'),
(794, 'GameActionFightDispellMessage'),
(3931, 'GameActionFightDispellSpellMessage'),
(4272, 'GameActionFightDodgePointLossMessage'),
(9569, 'GameActionFightDropCharacterMessage'),
(5356, 'GameActionFightExchangePositionsMessage'),
(8760, 'GameActionFightInvisibilityMessage'),
(1387, 'GameActionFightInvisibleDetectedMessage'),
(2391, 'GameActionFightKillMessage'),
(4208, 'GameActionFightLifeAndShieldPointsLostMessage'),
(3278, 'GameActionFightLifePointsGainMessage'),
(2465, 'GameActionFightLifePointsLostMessage'),
(4288, 'GameActionFightMarkCellsMessage'),
(3340, 'GameActionFightModifyEffectsDurationMessage'),
(6994, 'GameActionFightMultipleSummonMessage'),
(384, 'GameActionFightNoSpellCastMessage'),
(8528, 'GameActionFightPointsVariationMessage'),
(2777, 'GameActionFightReduceDamagesMessage'),
(5405, 'GameActionFightReflectDamagesMessage'),
(3901, 'GameActionFightReflectSpellMessage'),
(4296, 'GameActionFightSlideMessage'),
(9517, 'GameActionFightSpellCastMessage'),
(1589, 'GameActionFightSpellCooldownVariationMessage'),
(1282, 'GameActionFightSpellImmunityMessage'),
(9041, 'GameActionFightStealKamaMessage'),
(1176, 'GameActionFightSummonMessage'),
(1791, 'GameActionFightTackledMessage'),
(9278, 'GameActionFightTeleportOnSameMapMessage'),
(1167, 'GameActionFightThrowCharacterMessage'),
(5019, 'GameActionFightTriggerEffectMessage'),
(5087, 'GameActionFightTriggerGlyphTrapMessage'),
(1190, 'GameActionFightUnmarkCellsMessage'),
(7768, 'GameActionFightVanishMessage'),
(4852, 'GameActionUpdateEffectTriggerCountMessage'),
(8678, 'SequenceEndMessage'),
(8909, 'SequenceStartMessage'),
(2891, 'AllianceBulletinMessage'),
(3793, 'AllianceBulletinSetErrorMessage'),
(1781, 'AllianceBulletinSetRequestMessage'),
(4942, 'AllianceChangeGuildRightsMessage'),
(7183, 'AllianceCreationResultMessage'),
(6361, 'AllianceCreationStartedMessage'),
(8692, 'AllianceCreationValidMessage'),
(2310, 'AllianceFactsErrorMessage'),
(1768, 'AllianceFactsMessage'),
(291, 'AllianceFactsRequestMessage'),
(3209, 'AllianceGuildLeavingMessage'),
(5218, 'AllianceInsiderInfoMessage'),
(8628, 'AllianceInsiderInfoRequestMessage'),
(9155, 'AllianceInvitationAnswerMessage'),
(381, 'AllianceInvitationMessage'),
(9493, 'AllianceInvitationStateRecrutedMessage'),
(7830, 'AllianceInvitationStateRecruterMessage'),
(732, 'AllianceInvitedMessage'),
(6680, 'AllianceJoinedMessage'),
(9302, 'AllianceKickRequestMessage'),
(8866, 'AllianceLeftMessage'),
(3096, 'AllianceListMessage'),
(1932, 'AllianceMembershipMessage'),
(8922, 'AllianceModificationEmblemValidMessage'),
(2656, 'AllianceModificationNameAndTagValidMessage'),
(4687, 'AllianceModificationStartedMessage'),
(6954, 'AllianceModificationValidMessage'),
(2278, 'AllianceMotdMessage'),
(9228, 'AllianceMotdSetErrorMessage'),
(6556, 'AllianceMotdSetRequestMessage'),
(5902, 'AlliancePartialListMessage'),
(52, 'KohUpdateMessage'),
(6801, 'AllianceSummaryMessage'),
(9892, 'AllianceSummaryRequestMessage'),
(4883, 'AlmanachCalendarDateMessage'),
(789, 'AccountCapabilitiesMessage'),
(8729, 'AccountLoggingKickedMessage'),
(2072, 'AlreadyConnectedMessage'),
(7185, 'AuthenticationTicketAcceptedMessage'),
(9102, 'AuthenticationTicketMessage'),
(2890, 'AuthenticationTicketRefusedMessage'),
(9129, 'HelloGameMessage'),
(9270, 'ReloginTokenRequestMessage'),
(8893, 'ReloginTokenStatusMessage'),
(7792, 'ServerOptionalFeaturesMessage'),
(3416, 'ServerSessionConstantsMessage'),
(5431, 'ServerSettingsMessage'),
(3252, 'AtlasPointInformationsMessage'),
(1918, 'CompassResetMessage'),
(8745, 'CompassUpdateMessage'),
(5782, 'CompassUpdatePartyMemberMessage'),
(8087, 'CompassUpdatePvpSeekMessage'),
(3732, 'BasicAckMessage'),
(7649, 'BasicDateMessage'),
(7656, 'BasicLatencyStatsMessage'),
(6433, 'BasicLatencyStatsRequestMessage'),
(8485, 'BasicNoOperationMessage'),
(9411, 'BasicTimeMessage'),
(5864, 'BasicWhoAmIRequestMessage'),
(6901, 'BasicWhoIsMessage'),
(2975, 'BasicWhoIsNoMatchMessage'),
(9787, 'BasicWhoIsRequestMessage'),
(6599, 'CurrentServerStatusUpdateMessage'),
(7470, 'NumericWhoIsMessage'),
(6564, 'NumericWhoIsRequestMessage'),
(5270, 'SequenceNumberMessage'),
(4466, 'SequenceNumberRequestMessage'),
(7493, 'TextInformationMessage'),
(5932, 'AlignmentWarEffortDonatePreviewMessage'),
(8185, 'AlignmentWarEffortDonateRequestMessage'),
(9980, 'AlignmentWarEffortDonationResultMessage'),
(8505, 'CharacterAlignmentWarEffortProgressionMessage'),
(9938, 'CharacterAlignmentWarEffortProgressionRequestMessage'),
(3537, 'BasicCharactersListMessage'),
(5839, 'CharacterFirstSelectionMessage'),
(5271, 'CharacterReplayWithRemodelRequestMessage'),
(75, 'CharacterSelectedErrorMessage'),
(6376, 'CharacterSelectedForceMessage'),
(5974, 'CharacterSelectedForceReadyMessage'),
(8204, 'CharacterSelectedSuccessMessage'),
(361, 'CharacterSelectionMessage'),
(8919, 'CharacterSelectionWithRemodelMessage'),
(7370, 'CharactersListErrorMessage'),
(3333, 'CharactersListMessage'),
(6832, 'CharactersListRequestMessage'),
(6124, 'CharactersListWithRemodelingMessage'),
(2964, 'CharacterCanBeCreatedRequestMessage'),
(844, 'CharacterCanBeCreatedResultMessage'),
(921, 'CharacterCreationRequestMessage'),
(3170, 'CharacterCreationResultMessage'),
(8925, 'CharacterNameSuggestionFailureMessage'),
(1354, 'CharacterNameSuggestionRequestMessage'),
(9738, 'CharacterNameSuggestionSuccessMessage'),
(9365, 'DebtsDeleteMessage'),
(3016, 'DebtsUpdateMessage'),
(3737, 'CharacterDeletionErrorMessage'),
(900, 'CharacterDeletionRequestMessage'),
(9612, 'CharacterReplayRequestMessage'),
(864, 'ForgettableSpellClientActionMessage'),
(8704, 'ForgettableSpellDeleteMessage'),
(2181, 'ForgettableSpellEquipmentSlotsMessage'),
(1110, 'ForgettableSpellListUpdateMessage'),
(678, 'CharacterExperienceGainMessage'),
(7732, 'CharacterLevelUpInformationMessage'),
(5208, 'CharacterLevelUpMessage'),
(1779, 'CharacterStatsListMessage'),
(9318, 'FighterStatsListMessage'),
(870, 'LifePointsRegenBeginMessage'),
(3557, 'LifePointsRegenEndMessage'),
(7611, 'ResetCharacterStatsRequestMessage'),
(7937, 'UpdateLifePointsMessage'),
(1871, 'UpdateSpellModifierMessage'),
(7299, 'PlayerStatusUpdateErrorMessage'),
(8312, 'PlayerStatusUpdateMessage'),
(7834, 'PlayerStatusUpdateRequestMessage'),
(2857, 'ChatAbstractClientMessage'),
(9762, 'ChatAbstractServerMessage'),
(2230, 'ChatAdminServerMessage'),
(8534, 'ChatClientMultiMessage'),
(3784, 'ChatClientMultiWithObjectMessage'),
(7447, 'ChatClientPrivateMessage'),
(8711, 'ChatClientPrivateWithObjectMessage'),
(6039, 'ChatErrorMessage'),
(866, 'ChatKolizeumServerMessage'),
(8552, 'ChatServerCopyMessage'),
(8056, 'ChatServerCopyWithObjectMessage'),
(2854, 'ChatServerMessage'),
(5610, 'ChatServerWithObjectMessage'),
(6363, 'ChannelEnablingChangeMessage'),
(2435, 'ChannelEnablingMessage'),
(622, 'EnabledChannelsMessage'),
(6227, 'ChatCommunityChannelCommunityMessage'),
(3182, 'ChatCommunityChannelSetCommunityRequestMessage'),
(3263, 'ChatSmileyExtraPackListMessage'),
(7093, 'ChatSmileyMessage'),
(5462, 'ChatSmileyRequestMessage'),
(1574, 'LocalizedChatSmileyMessage'),
(2755, 'MoodSmileyRequestMessage'),
(1666, 'MoodSmileyResultMessage'),
(5498, 'MoodSmileyUpdateMessage'),
(7696, 'GameCautiousMapMovementMessage'),
(7461, 'GameCautiousMapMovementRequestMessage'),
(6939, 'GameContextCreateErrorMessage'),
(849, 'GameContextCreateMessage'),
(3514, 'GameContextCreateRequestMessage'),
(1562, 'GameContextDestroyMessage'),
(5677, 'GameContextKickMessage'),
(4346, 'GameContextMoveElementMessage'),
(1261, 'GameContextMoveMultipleElementsMessage'),
(4741, 'GameContextQuitMessage'),
(4194, 'GameContextReadyMessage'),
(8415, 'GameContextRefreshEntityLookMessage'),
(7862, 'GameContextRemoveElementMessage'),
(6808, 'GameContextRemoveElementWithEventMessage'),
(4155, 'GameContextRemoveMultipleElementsMessage'),
(5079, 'GameContextRemoveMultipleElementsWithEventsMessage'),
(6057, 'GameEntitiesDispositionMessage'),
(6714, 'GameEntityDispositionErrorMessage'),
(7710, 'GameEntityDispositionMessage'),
(7547, 'GameMapChangeOrientationMessage'),
(2619, 'GameMapChangeOrientationRequestMessage'),
(3489, 'GameMapChangeOrientationsMessage'),
(2971, 'GameMapMovementCancelMessage'),
(5353, 'GameMapMovementConfirmMessage'),
(2194, 'GameMapMovementMessage'),
(2887, 'GameMapMovementRequestMessage'),
(2291, 'GameMapNoMovementMessage'),
(74, 'GameMapSpeedMovementMessage'),
(9809, 'GameRefreshMonsterBoostsMessage'),
(3314, 'ShowCellMessage'),
(2565, 'ShowCellRequestMessage'),
(6662, 'ShowCellSpectatorMessage'),
(4238, 'DisplayNumericalValuePaddockMessage'),
(1383, 'DungeonKeyRingMessage'),
(6087, 'DungeonKeyRingUpdateMessage'),
(6879, 'GameFightEndMessage'),
(9702, 'GameFightHumanReadyStateMessage'),
(3412, 'GameFightJoinMessage'),
(1843, 'GameFightJoinRequestMessage'),
(3910, 'GameFightLeaveMessage'),
(2759, 'GameFightNewRoundMessage'),
(2997, 'GameFightNewWaveMessage'),
(4694, 'GameFightOptionStateUpdateMessage'),
(6591, 'GameFightOptionToggleMessage'),
(917, 'GameFightPauseMessage'),
(1622, 'GameFightPlacementPositionRequestMessage'),
(3083, 'GameFightPlacementPossiblePositionsMessage'),
(1236, 'GameFightPlacementSwapPositionsAcceptMessage'),
(721, 'GameFightPlacementSwapPositionsCancelledMessage'),
(337, 'GameFightPlacementSwapPositionsCancelMessage'),
(9266, 'GameFightPlacementSwapPositionsErrorMessage'),
(5941, 'GameFightPlacementSwapPositionsMessage'),
(2883, 'GameFightPlacementSwapPositionsOfferMessage'),
(7512, 'GameFightPlacementSwapPositionsRequestMessage'),
(6311, 'GameFightReadyMessage'),
(9303, 'GameFightRemoveTeamMemberMessage'),
(2605, 'GameFightResumeMessage'),
(3046, 'GameFightResumeWithSlavesMessage'),
(1844, 'GameFightSpectateMessage'),
(5251, 'GameFightSpectatePlayerRequestMessage'),
(1811, 'GameFightSpectatorJoinMessage'),
(1547, 'GameFightStartingMessage'),
(2243, 'GameFightStartMessage'),
(5233, 'GameFightSynchronizeMessage'),
(7681, 'GameFightTurnEndMessage'),
(4769, 'GameFightTurnFinishMessage'),
(8361, 'GameFightTurnListMessage'),
(6203, 'GameFightTurnReadyMessage'),
(4348, 'GameFightTurnReadyRequestMessage'),
(2228, 'GameFightTurnResumeMessage'),
(3454, 'GameFightTurnStartMessage'),
(9681, 'GameFightTurnStartPlayingMessage'),
(6125, 'GameFightUpdateTeamMessage'),
(4984, 'RefreshCharacterStatsMessage'),
(577, 'SlaveNoLongerControledMessage'),
(4492, 'SlaveSwitchContextMessage'),
(1631, 'ArenaFighterIdleMessage'),
(570, 'ArenaFighterLeaveMessage'),
(1443, 'BreachGameFightEndMessage'),
(8074, 'ChallengeInfoMessage'),
(4245, 'ChallengeResultMessage'),
(7927, 'ChallengeTargetsListMessage'),
(3980, 'ChallengeTargetsListRequestMessage'),
(2406, 'ChallengeTargetUpdateMessage'),
(5095, 'GameFightRefreshFighterMessage'),
(7942, 'GameFightShowFighterMessage'),
(5075, 'GameFightShowFighterRandomStaticPoseMessage'),
(4633, 'GameDataPaddockObjectAddMessage'),
(8917, 'GameDataPaddockObjectListAddMessage'),
(1937, 'GameDataPaddockObjectRemoveMessage'),
(9042, 'MountDataErrorMessage'),
(297, 'MountDataMessage'),
(5688, 'MountEmoteIconUsedOkMessage'),
(1055, 'MountEquipedErrorMessage'),
(2170, 'MountFeedRequestMessage'),
(3044, 'MountHarnessColorsUpdateRequestMessage'),
(2483, 'MountHarnessDissociateRequestMessage'),
(4652, 'MountInformationInPaddockRequestMessage'),
(2096, 'MountInformationRequestMessage'),
(399, 'MountReleasedMessage'),
(7780, 'MountReleaseRequestMessage'),
(3689, 'MountRenamedMessage'),
(9804, 'MountRenameRequestMessage'),
(5507, 'MountRidingMessage'),
(8644, 'MountSetMessage'),
(4761, 'MountSetXpRatioRequestMessage'),
(4315, 'MountSterilizedMessage'),
(707, 'MountSterilizeRequestMessage'),
(41, 'MountToggleRidingRequestMessage'),
(6106, 'MountUnSetMessage'),
(5877, 'MountXpRatioMessage'),
(4685, 'PaddockBuyRequestMessage'),
(823, 'PaddockBuyResultMessage'),
(1149, 'PaddockMoveItemRequestMessage'),
(6609, 'PaddockRemoveItemRequestMessage'),
(586, 'PaddockSellRequestMessage'),
(7580, 'NotificationByServerMessage'),
(1787, 'NotificationListMessage'),
(6461, 'NotificationResetMessage'),
(6530, 'NotificationUpdateFlagMessage'),
(9795, 'AnomalySubareaInformationRequestMessage'),
(7642, 'AnomalySubareaInformationResponseMessage'),
(1119, 'ChangeMapMessage'),
(4496, 'CurrentMapInstanceMessage'),
(8260, 'CurrentMapMessage'),
(1665, 'DiceRollRequestMessage'),
(5582, 'ErrorMapNotFoundMessage'),
(3176, 'GameRolePlayShowActorMessage'),
(8393, 'GameRolePlayShowActorWithEventMessage'),
(8234, 'GameRolePlayShowMultipleActorsMessage'),
(6968, 'MapComplementaryInformationsDataInHavenBagMessage'),
(2248, 'MapComplementaryInformationsDataInHouseMessage'),
(2983, 'MapComplementaryInformationsDataMessage'),
(4285, 'MapComplementaryInformationsWithCoordsMessage'),
(8270, 'MapFightCountMessage'),
(5198, 'MapFightStartPositionsUpdateMessage'),
(585, 'MapInformationsRequestMessage'),
(7880, 'MapObstacleUpdateMessage'),
(1361, 'MapRewardRateMessage'),
(442, 'MapRunningFightDetailsExtendedMessage'),
(814, 'MapRunningFightDetailsMessage'),
(7602, 'MapRunningFightDetailsRequestMessage'),
(2516, 'MapRunningFightListMessage'),
(2687, 'MapRunningFightListRequestMessage'),
(5557, 'StopToListenRunningFightRequestMessage'),
(7815, 'TeleportOnSameMapMessage'),
(2279, 'AlignmentWarEffortProgressionMessage'),
(5875, 'AlignmentWarEffortProgressionRequestMessage'),
(7581, 'AnomalyStateMessage'),
(7825, 'MapComplementaryInformationsAnomalyMessage'),
(5399, 'BreachBonusMessage'),
(6329, 'BreachBudgetMessage'),
(8664, 'BreachCharactersMessage'),
(7197, 'BreachEnterMessage'),
(2469, 'BreachExitRequestMessage'),
(6527, 'BreachExitResponseMessage'),
(7779, 'BreachRoomLockedMessage'),
(4341, 'BreachRoomUnlockRequestMessage'),
(8789, 'BreachRoomUnlockResultMessage'),
(6629, 'BreachSavedMessage'),
(396, 'BreachStateMessage'),
(2519, 'BreachTeleportRequestMessage'),
(8151, 'BreachTeleportResponseMessage'),
(4794, 'MapComplementaryInformationsBreachMessage'),
(6038, 'BreachBranchesMessage'),
(8687, 'BreachInvitationAnswerMessage'),
(5787, 'BreachInvitationCloseMessage'),
(6243, 'BreachInvitationOfferMessage'),
(3973, 'BreachInvitationRequestMessage'),
(4279, 'BreachInvitationResponseMessage'),
(6962, 'BreachKickRequestMessage'),
(1406, 'BreachKickResponseMessage'),
(5961, 'BreachRewardBoughtMessage'),
(8956, 'BreachRewardBuyMessage'),
(9880, 'BreachRewardsMessage'),
(5795, 'GameRolePlayFreeSoulRequestMessage'),
(4456, 'GameRolePlayGameOverMessage'),
(6675, 'GameRolePlayPlayerLifeStatusMessage'),
(6836, 'WarnOnPermaDeathMessage'),
(6584, 'GameRolePlayDelayedActionFinishedMessage'),
(3218, 'GameRolePlayDelayedActionMessage'),
(9360, 'GameRolePlayDelayedObjectUseMessage'),
(6617, 'DocumentReadingBeginMessage'),
(928, 'EmoteAddMessage'),
(181, 'EmoteListMessage'),
(9533, 'EmotePlayAbstractMessage'),
(911, 'EmotePlayErrorMessage'),
(9572, 'EmotePlayMassiveMessage'),
(6884, 'EmotePlayMessage'),
(8914, 'EmotePlayRequestMessage'),
(1897, 'EmoteRemoveMessage'),
(2196, 'GameRolePlayAggressionMessage'),
(5953, 'GameRolePlayAttackMonsterRequestMessage'),
(4980, 'GameRolePlayFightRequestCanceledMessage'),
(4856, 'GameRolePlayMonsterAngryAtPlayerMessage'),
(260, 'GameRolePlayMonsterNotAngryAtPlayerMessage'),
(4268, 'GameRolePlayPlayerFightFriendlyAnsweredMessage'),
(4936, 'GameRolePlayPlayerFightFriendlyAnswerMessage'),
(9920, 'GameRolePlayPlayerFightFriendlyRequestedMessage'),
(6406, 'GameRolePlayPlayerFightRequestMessage'),
(594, 'GameRolePlayRemoveChallengeMessage'),
(3774, 'GameRolePlayShowChallengeMessage'),
(8483, 'GameRolePlayArenaFightAnswerMessage'),
(5368, 'GameRolePlayArenaFighterStatusMessage'),
(5394, 'GameRolePlayArenaFightPropositionMessage'),
(6031, 'GameRolePlayArenaInvitationCandidatesAnswerMessage'),
(9814, 'GameRolePlayArenaLeagueRewardsMessage'),
(5272, 'GameRolePlayArenaPlayerBehavioursMessage'),
(1835, 'GameRolePlayArenaRegisterMessage'),
(151, 'GameRolePlayArenaRegistrationStatusMessage'),
(7135, 'GameRolePlayArenaRegistrationWarningMessage'),
(166, 'GameRolePlayArenaSwitchToFightServerMessage'),
(6858, 'GameRolePlayArenaSwitchToGameServerMessage'),
(2079, 'GameRolePlayArenaUnregisterMessage'),
(4297, 'GameRolePlayArenaUpdatePlayerInfosAllQueuesMessage'),
(906, 'GameRolePlayArenaUpdatePlayerInfosMessage'),
(9135, 'ChangeHavenBagRoomRequestMessage'),
(4730, 'ChangeThemeRequestMessage'),
(7822, 'CloseHavenBagFurnitureSequenceRequestMessage'),
(3035, 'EditHavenBagCancelRequestMessage'),
(2183, 'EditHavenBagFinishedMessage'),
(4922, 'EditHavenBagRequestMessage'),
(4849, 'EditHavenBagStartMessage'),
(5697, 'EnterHavenBagRequestMessage'),
(8357, 'ExitHavenBagRequestMessage'),
(1002, 'HavenBagDailyLoteryMessage'),
(7059, 'HavenBagFurnituresMessage'),
(8548, 'HavenBagFurnituresRequestMessage'),
(3834, 'HavenBagPackListMessage'),
(4239, 'HavenBagRoomUpdateMessage'),
(124, 'KickHavenBagRequestMessage'),
(3491, 'OpenHavenBagFurnitureSequenceRequestMessage'),
(3654, 'HavenBagPermissionsUpdateMessage'),
(6685, 'HavenBagPermissionsUpdateRequestMessage'),
(8611, 'InviteInHavenBagClosedMessage'),
(5906, 'InviteInHavenBagMessage'),
(1610, 'InviteInHavenBagOfferMessage'),
(5485, 'TeleportHavenBagAnswerMessage'),
(3038, 'TeleportHavenBagRequestMessage'),
(4070, 'AccountHouseMessage'),
(9705, 'HouseBuyRequestMessage'),
(7979, 'HouseBuyResultMessage'),
(8555, 'HouseKickIndoorMerchantRequestMessage'),
(6478, 'HouseKickRequestMessage'),
(5865, 'HouseLockFromInsideRequestMessage'),
(9231, 'HousePropertiesMessage'),
(3679, 'HouseSellFromInsideRequestMessage'),
(3929, 'HouseSellingUpdateMessage'),
(3271, 'HouseSellRequestMessage'),
(7571, 'HouseToSellFilterMessage'),
(2459, 'HouseToSellListMessage'),
(8937, 'HouseToSellListRequestMessage'),
(9478, 'HouseGuildNoneMessage'),
(1730, 'HouseGuildRightsMessage'),
(3467, 'HouseGuildRightsViewMessage'),
(1977, 'HouseGuildShareRequestMessage'),
(1570, 'JobAllowMultiCraftRequestMessage'),
(6149, 'JobBookSubscriptionMessage'),
(1751, 'JobCrafterDirectoryAddMessage'),
(4888, 'JobCrafterDirectoryDefineSettingsMessage'),
(3425, 'JobCrafterDirectoryEntryMessage'),
(265, 'JobCrafterDirectoryEntryRequestMessage'),
(3892, 'JobCrafterDirectoryListMessage'),
(5409, 'JobCrafterDirectoryListRequestMessage'),
(5291, 'JobCrafterDirectoryRemoveMessage'),
(5307, 'JobCrafterDirectorySettingsMessage'),
(1794, 'JobDescriptionMessage'),
(2621, 'JobExperienceMultiUpdateMessage'),
(1153, 'JobExperienceOtherPlayerUpdateMessage'),
(5512, 'JobExperienceUpdateMessage'),
(7840, 'JobLevelUpMessage'),
(9966, 'JobMultiCraftAvailableSkillsMessage'),
(6454, 'LockableChangeCodeMessage'),
(625, 'LockableCodeResultMessage'),
(6763, 'LockableShowCodeDialogMessage'),
(9381, 'LockableStateUpdateAbstractMessage'),
(7515, 'LockableStateUpdateHouseDoorMessage'),
(2515, 'LockableStateUpdateStorageMessage'),
(2143, 'LockableUseCodeMessage'),
(5267, 'AlliancePrismDialogQuestionMessage'),
(1453, 'AllianceTaxCollectorDialogQuestionExtendedMessage'),
(2862, 'EntityTalkMessage'),
(9124, 'ListMapNpcsQuestStatusUpdateMessage'),
(8356, 'NpcDialogCreationMessage'),
(5449, 'NpcDialogQuestionMessage'),
(5103, 'NpcDialogReplyMessage'),
(6017, 'NpcGenericActionFailureMessage'),
(6064, 'NpcGenericActionRequestMessage'),
(261, 'PortalDialogCreationMessage'),
(4903, 'TaxCollectorDialogQuestionBasicMessage'),
(8235, 'TaxCollectorDialogQuestionExtendedMessage'),
(2680, 'ObjectGroundAddedMessage'),
(3578, 'ObjectGroundListAddedMessage'),
(8701, 'ObjectGroundRemovedMessage'),
(1051, 'ObjectGroundRemovedMultipleMessage'),
(8652, 'GameDataPlayFarmObjectAnimationMessage'),
(2070, 'PaddockPropertiesMessage'),
(694, 'PaddockSellBuyDialogMessage'),
(8878, 'PaddockToSellFilterMessage'),
(1464, 'PaddockToSellListMessage'),
(404, 'PaddockToSellListRequestMessage'),
(6396, 'AbstractPartyEventMessage'),
(1605, 'AbstractPartyMemberInFightMessage'),
(6663, 'AbstractPartyMessage'),
(1401, 'DungeonPartyFinderAvailableDungeonsMessage'),
(7090, 'DungeonPartyFinderAvailableDungeonsRequestMessage'),
(1486, 'DungeonPartyFinderListenErrorMessage'),
(6118, 'DungeonPartyFinderListenRequestMessage'),
(8598, 'DungeonPartyFinderRegisterErrorMessage'),
(8039, 'DungeonPartyFinderRegisterRequestMessage'),
(7288, 'DungeonPartyFinderRegisterSuccessMessage'),
(6139, 'DungeonPartyFinderRoomContentMessage'),
(5118, 'DungeonPartyFinderRoomContentUpdateMessage'),
(4159, 'PartyAbdicateThroneMessage'),
(491, 'PartyAcceptInvitationMessage'),
(7645, 'PartyCancelInvitationMessage'),
(9719, 'PartyCancelInvitationNotificationMessage'),
(6509, 'PartyCannotJoinErrorMessage'),
(9119, 'PartyDeletedMessage'),
(6852, 'PartyFollowMemberRequestMessage'),
(9305, 'PartyFollowStatusUpdateMessage'),
(3457, 'PartyFollowThisMemberRequestMessage'),
(191, 'PartyInvitationArenaRequestMessage'),
(6317, 'PartyInvitationCancelledForGuestMessage'),
(8322, 'PartyInvitationDetailsMessage'),
(6716, 'PartyInvitationDetailsRequestMessage'),
(1294, 'PartyInvitationDungeonDetailsMessage'),
(5830, 'PartyInvitationDungeonMessage'),
(3229, 'PartyInvitationDungeonRequestMessage'),
(1584, 'PartyInvitationMessage'),
(4968, 'PartyInvitationRequestMessage'),
(1725, 'PartyJoinMessage'),
(3986, 'PartyKickedByMessage'),
(470, 'PartyKickRequestMessage'),
(3167, 'PartyLeaderUpdateMessage'),
(5983, 'PartyLeaveMessage'),
(8060, 'PartyLeaveRequestMessage'),
(1771, 'PartyLocateMembersMessage'),
(4350, 'PartyLocateMembersRequestMessage'),
(228, 'PartyLoyaltyStatusMessage'),
(9070, 'PartyMemberEjectedMessage'),
(2689, 'PartyMemberInStandardFightMessage'),
(2482, 'PartyMemberRemoveMessage'),
(7836, 'PartyModifiableStatusMessage'),
(9834, 'PartyNameSetErrorMessage'),
(1638, 'PartyNameSetRequestMessage'),
(7600, 'PartyNameUpdateMessage'),
(9081, 'PartyNewGuestMessage'),
(2303, 'PartyNewMemberMessage'),
(493, 'PartyPledgeLoyaltyRequestMessage'),
(8730, 'PartyRefuseInvitationMessage'),
(2996, 'PartyRefuseInvitationNotificationMessage'),
(3111, 'PartyRestrictedMessage'),
(7753, 'PartyStopFollowRequestMessage'),
(3637, 'PartyUpdateLightMessage'),
(5505, 'PartyUpdateMessage'),
(9731, 'PartyMemberInBreachFightMessage'),
(6921, 'PartyEntityUpdateLightMessage'),
(3758, 'PurchasableDialogMessage'),
(6639, 'FollowedQuestsMessage'),
(6458, 'FollowQuestObjectiveRequestMessage'),
(2102, 'GuidedModeQuitRequestMessage'),
(8636, 'GuidedModeReturnRequestMessage'),
(2940, 'QuestListMessage'),
(6909, 'QuestListRequestMessage'),
(2801, 'QuestObjectiveValidatedMessage'),
(3991, 'QuestObjectiveValidationMessage'),
(7339, 'QuestStartedMessage'),
(5347, 'QuestStartRequestMessage'),
(8964, 'QuestStepInfoMessage'),
(9826, 'QuestStepInfoRequestMessage'),
(3169, 'QuestStepStartedMessage'),
(1140, 'QuestStepValidatedMessage'),
(4749, 'QuestValidatedMessage'),
(9928, 'RefreshFollowedQuestsOrderRequestMessage'),
(5041, 'UnfollowQuestObjectiveRequestMessage'),
(8602, 'WatchQuestListMessage'),
(2076, 'WatchQuestStepInfoMessage'),
(7806, 'WatchQuestStepInfoRequestMessage'),
(4938, 'SpellVariantActivationMessage'),
(7445, 'SpellVariantActivationRequestMessage'),
(1121, 'StatsUpgradeRequestMessage'),
(1870, 'StatsUpgradeResultMessage'),
(1832, 'PortalUseRequestMessage'),
(8021, 'TreasureHuntAvailableRetryCountUpdateMessage'),
(5704, 'TreasureHuntDigRequestAnswerFailedMessage'),
(8756, 'TreasureHuntDigRequestAnswerMessage'),
(1826, 'TreasureHuntDigRequestMessage'),
(5707, 'TreasureHuntFinishedMessage'),
(2114, 'TreasureHuntFlagRemoveRequestMessage'),
(8723, 'TreasureHuntFlagRequestAnswerMessage'),
(5476, 'TreasureHuntFlagRequestMessage'),
(9346, 'TreasureHuntGiveUpRequestMessage'),
(6379, 'TreasureHuntLegendaryRequestMessage'),
(6338, 'TreasureHuntMessage'),
(349, 'TreasureHuntRequestAnswerMessage'),
(1883, 'TreasureHuntShowLegendaryUIMessage'),
(3891, 'GameRolePlaySpellAnimMessage'),
(3381, 'LeaveDialogMessage'),
(4703, 'LeaveDialogRequestMessage'),
(7843, 'PauseDialogMessage'),
(2456, 'EntitiesInformationMessage'),
(1230, 'EntityInformationMessage'),
(2788, 'ObjectFeedMessage'),
(9988, 'FinishMoveListMessage'),
(6167, 'FinishMoveListRequestMessage'),
(1205, 'FinishMoveSetRequestMessage'),
(9259, 'AcquaintanceAddedMessage'),
(3530, 'AcquaintancesGetListMessage'),
(6271, 'AcquaintancesListMessage'),
(6961, 'ContactAddFailureMessage'),
(154, 'FriendAddedMessage'),
(2770, 'FriendAddFailureMessage'),
(1718, 'FriendAddRequestMessage'),
(3124, 'FriendDeleteRequestMessage'),
(3029, 'FriendDeleteResultMessage'),
(2905, 'FriendJoinRequestMessage'),
(718, 'FriendSetStatusShareMessage'),
(5952, 'FriendSetWarnOnConnectionMessage'),
(4334, 'FriendSetWarnOnLevelGainMessage'),
(7302, 'FriendsGetListMessage'),
(6638, 'FriendsListMessage'),
(1259, 'FriendSpouseFollowWithCompassRequestMessage'),
(2921, 'FriendSpouseJoinRequestMessage'),
(7289, 'FriendStatusShareStateMessage'),
(1554, 'FriendUpdateMessage'),
(4826, 'FriendWarnOnConnectionStateMessage'),
(9414, 'FriendWarnOnLevelGainStateMessage'),
(9241, 'GuildMemberSetWarnOnConnectionMessage'),
(781, 'GuildMemberWarnOnConnectionStateMessage'),
(6356, 'IgnoredAddedMessage'),
(5180, 'IgnoredAddFailureMessage'),
(6390, 'IgnoredAddRequestMessage'),
(2899, 'IgnoredDeleteRequestMessage'),
(9882, 'IgnoredDeleteResultMessage'),
(79, 'IgnoredGetListMessage'),
(1882, 'IgnoredListMessage'),
(4283, 'SpouseGetInformationsMessage'),
(6044, 'SpouseInformationsMessage'),
(3554, 'SpouseStatusMessage'),
(4312, 'WarnOnPermaDeathStateMessage'),
(4716, 'GuestLimitationMessage'),
(1641, 'GuestModeMessage'),
(9655, 'ChallengeFightJoinRefusedMessage'),
(2762, 'CreateGuildRankRequestMessage'),
(1627, 'GuildBulletinMessage'),
(8048, 'GuildBulletinSetErrorMessage'),
(9019, 'GuildBulletinSetRequestMessage'),
(6529, 'GuildChangeMemberParametersMessage'),
(3952, 'GuildCharacsUpgradeRequestMessage'),
(1420, 'GuildCreationResultMessage'),
(2768, 'GuildCreationStartedMessage'),
(9898, 'GuildCreationValidMessage'),
(8178, 'GuildFactsErrorMessage'),
(4218, 'GuildFactsMessage'),
(4539, 'GuildFactsRequestMessage'),
(7402, 'GuildGetInformationsMessage'),
(7400, 'GuildHouseRemoveMessage'),
(6872, 'GuildHousesInformationMessage'),
(6325, 'GuildHouseUpdateInformationMessage'),
(3321, 'GuildInAllianceFactsMessage'),
(3516, 'GuildInformationsGeneralMessage'),
(4411, 'GuildInformationsMembersMessage'),
(2008, 'GuildInformationsMemberUpdateMessage'),
(2497, 'GuildInformationsPaddocksMessage'),
(5214, 'GuildInfosUpgradeMessage'),
(1321, 'GuildInvitationAnswerMessage'),
(4415, 'GuildInvitationMessage'),
(2753, 'GuildInvitationSearchMessage'),
(8156, 'GuildInvitationStateRecrutedMessage'),
(3283, 'GuildInvitationStateRecruterMessage'),
(5886, 'GuildInvitedMessage'),
(21, 'GuildJoinAutomaticallyRequestMessage'),
(7199, 'GuildJoinedMessage'),
(5480, 'GuildKickRequestMessage'),
(9871, 'GuildLeftMessage'),
(5860, 'GuildLevelUpMessage'),
(4803, 'GuildListMessage'),
(8439, 'GuildMemberLeavingMessage'),
(773, 'GuildMemberOnlineStatusMessage'),
(3776, 'GuildMembershipMessage'),
(1558, 'GuildModificationEmblemValidMessage'),
(7609, 'GuildModificationNameValidMessage'),
(3130, 'GuildModificationStartedMessage'),
(2074, 'GuildModificationValidMessage'),
(9440, 'GuildMotdMessage'),
(2711, 'GuildMotdSetErrorMessage'),
(3635, 'GuildMotdSetRequestMessage'),
(8509, 'GuildPaddockBoughtMessage'),
(6161, 'GuildPaddockRemovedMessage'),
(7884, 'GuildPaddockTeleportRequestMessage'),
(8394, 'GuildRanksMessage'),
(2455, 'GuildRanksRequestMessage'),
(9515, 'GuildSpellUpgradeRequestMessage'),
(4744, 'GuildSummaryMessage'),
(210, 'GuildSummaryRequestMessage'),
(7021, 'GuildVersatileInfoListMessage'),
(4413, 'RemoveGuildRankRequestMessage'),
(5527, 'UpdateAllGuildRankRequestMessage'),
(2213, 'UpdateGuildRankRequestMessage'),
(5474, 'UpdateGuildRightsMessage'),
(8236, 'GuildApplicationAnswerMessage'),
(92, 'GuildApplicationDeletedMessage'),
(8635, 'GuildApplicationIsAnsweredMessage'),
(9857, 'GuildApplicationListenMessage'),
(8181, 'GuildApplicationReceivedMessage'),
(8062, 'GuildDeleteApplicationRequestMessage'),
(3713, 'GuildGetPlayerApplicationMessage'),
(2653, 'GuildListApplicationAnswerMessage'),
(2192, 'GuildListApplicationModifiedMessage'),
(6319, 'GuildListApplicationRequestMessage'),
(9998, 'GuildPlayerApplicationAbstractMessage'),
(5482, 'GuildPlayerApplicationInformationMessage'),
(3790, 'GuildPlayerNoApplicationInformationMessage'),
(6369, 'GuildSubmitApplicationMessage'),
(5464, 'GuildUpdateApplicationMessage'),
(665, 'GuildUpdateNoteMessage'),
(2069, 'AddListenerOnSynchronizedStorageMessage'),
(8273, 'ListenersOfSynchronizedStorageMessage'),
(3672, 'RemoveListenerOnSynchronizedStorageMessage'),
(7292, 'GuildLogbookInformationMessage'),
(7003, 'GuildLogbookInformationRequestMessage'),
(5195, 'GuildRecruitmentInvalidateMessage'),
(1018, 'RecruitmentInformationMessage'),
(9540, 'UpdateRecruitmentInformationMessage'),
(336, 'AbstractTaxCollectorListMessage'),
(6579, 'GameRolePlayTaxCollectorFightRequestMessage'),
(2852, 'GuildFightJoinRequestMessage'),
(4987, 'GuildFightLeaveRequestMessage'),
(5152, 'GuildFightPlayersEnemiesListMessage'),
(7746, 'GuildFightPlayersEnemyRemoveMessage'),
(997, 'GuildFightPlayersHelpersJoinMessage'),
(4688, 'GuildFightPlayersHelpersLeaveMessage'),
(2057, 'GuildFightTakePlaceRequestMessage'),
(4321, 'TaxCollectorAttackedMessage'),
(5188, 'TaxCollectorAttackedResultMessage'),
(4290, 'TaxCollectorErrorMessage'),
(795, 'TaxCollectorListMessage'),
(1726, 'TaxCollectorMovementAddMessage'),
(5634, 'TaxCollectorMovementMessage'),
(3112, 'TaxCollectorMovementRemoveMessage'),
(1732, 'TaxCollectorMovementsOfflineMessage'),
(9713, 'TaxCollectorStateUpdateMessage'),
(6593, 'TopTaxCollectorListMessage'),
(637, 'HouseTeleportRequestMessage'),
(5080, 'IdolFightPreparationUpdateMessage'),
(9872, 'IdolListMessage'),
(205, 'IdolPartyLostMessage'),
(4904, 'IdolPartyRefreshMessage'),
(8871, 'IdolPartyRegisterRequestMessage'),
(4635, 'IdolSelectedMessage'),
(7468, 'IdolSelectErrorMessage'),
(3812, 'IdolSelectRequestMessage'),
(8966, 'CharacterCapabilitiesMessage'),
(9933, 'CharacterLoadingCompleteMessage'),
(5771, 'OnConnectionEventMessage'),
(7712, 'ServerExperienceModificatorMessage'),
(9461, 'SetCharacterRestrictionsMessage'),
(7254, 'InteractiveElementUpdatedMessage'),
(4996, 'InteractiveMapUpdateMessage'),
(2547, 'InteractiveUsedMessage'),
(5024, 'InteractiveUseEndedMessage'),
(8864, 'InteractiveUseErrorMessage'),
(5711, 'InteractiveUseRequestMessage'),
(593, 'StatedElementUpdatedMessage'),
(4401, 'StatedMapUpdateMessage'),
(6571, 'TeleportBuddiesAnswerMessage'),
(5150, 'TeleportBuddiesMessage'),
(6258, 'TeleportBuddiesRequestedMessage'),
(2131, 'TeleportToBuddyAnswerMessage'),
(8510, 'TeleportToBuddyCloseMessage'),
(5396, 'TeleportToBuddyOfferMessage'),
(9561, 'InteractiveUseWithParamRequestMessage'),
(7823, 'KnownZaapListMessage'),
(107, 'TeleportDestinationsMessage'),
(1077, 'TeleportRequestMessage'),
(2445, 'ZaapDestinationsMessage'),
(6343, 'ZaapRespawnSaveRequestMessage'),
(7998, 'ZaapRespawnUpdatedMessage'),
(8705, 'KamasUpdateMessage'),
(6399, 'ObjectAveragePricesErrorMessage'),
(4273, 'ObjectAveragePricesGetMessage'),
(4546, 'ObjectAveragePricesMessage'),
(6247, 'DecraftResultMessage'),
(2855, 'EvolutiveObjectRecycleResultMessage'),
(7283, 'ExchangeAcceptMessage'),
(4853, 'ExchangeBidHouseBuyMessage'),
(2314, 'ExchangeBidHouseBuyResultMessage'),
(5555, 'ExchangeBidHouseGenericItemAddedMessage'),
(2242, 'ExchangeBidHouseGenericItemRemovedMessage'),
(1710, 'ExchangeBidHouseInListAddedMessage'),
(2594, 'ExchangeBidHouseInListRemovedMessage'),
(4267, 'ExchangeBidHouseInListUpdatedMessage'),
(9229, 'ExchangeBidHouseItemAddOkMessage'),
(962, 'ExchangeBidHouseItemRemoveOkMessage'),
(4416, 'ExchangeBidHouseListMessage'),
(8387, 'ExchangeBidHousePriceMessage'),
(2524, 'ExchangeBidHouseSearchMessage'),
(1178, 'ExchangeBidHouseTypeMessage'),
(2885, 'ExchangeBidHouseUnsoldItemsMessage'),
(7956, 'ExchangeBidPriceForSellerMessage'),
(8276, 'ExchangeBidPriceMessage'),
(8545, 'ExchangeBidSearchOkMessage'),
(446, 'ExchangeBuyMessage'),
(3838, 'ExchangeBuyOkMessage'),
(34, 'ExchangeCraftCountModifiedMessage'),
(6657, 'ExchangeCraftCountRequestMessage'),
(8852, 'ExchangeCrafterJobLevelupMessage'),
(8792, 'ExchangeCraftPaymentModificationRequestMessage'),
(8472, 'ExchangeCraftPaymentModifiedMessage'),
(3898, 'ExchangeCraftResultMagicWithObjectDescMessage'),
(5303, 'ExchangeCraftResultMessage'),
(8865, 'ExchangeCraftResultWithObjectDescMessage'),
(4219, 'ExchangeCraftResultWithObjectIdMessage'),
(938, 'ExchangeErrorMessage'),
(1343, 'ExchangeGuildTaxCollectorGetMessage'),
(1512, 'ExchangeHandleMountsMessage'),
(2178, 'ExchangeIsReadyMessage'),
(9699, 'ExchangeItemAutoCraftStopedMessage'),
(1931, 'ExchangeLeaveMessage'),
(4891, 'ExchangeMoneyMovementInformationMessage'),
(9337, 'ExchangeMountFreeFromPaddockMessage'),
(3292, 'ExchangeMountsPaddockAddMessage'),
(7114, 'ExchangeMountsPaddockRemoveMessage'),
(8659, 'ExchangeMountsStableAddMessage'),
(6622, 'ExchangeMountsStableBornAddMessage'),
(5917, 'ExchangeMountsStableRemoveMessage'),
(8815, 'ExchangeMountStableErrorMessage'),
(719, 'ExchangeMountsTakenFromPaddockMessage'),
(3324, 'ExchangeMountSterilizeFromPaddockMessage'),
(276, 'ExchangeObjectAddedMessage'),
(8539, 'ExchangeObjectMessage'),
(9753, 'ExchangeObjectModifyPricedMessage'),
(7157, 'ExchangeObjectMoveKamaMessage'),
(5641, 'ExchangeObjectMoveMessage'),
(7442, 'ExchangeObjectMovePricedMessage'),
(3649, 'ExchangeObjectsAddedMessage'),
(6099, 'ExchangeObjectTransfertAllFromInvMessage'),
(9308, 'ExchangeObjectTransfertAllToInvMessage'),
(7744, 'ExchangeObjectTransfertExistingFromInvMessage'),
(3113, 'ExchangeObjectTransfertExistingToInvMessage'),
(6643, 'ExchangeObjectTransfertListFromInvMessage'),
(3544, 'ExchangeObjectTransfertListToInvMessage'),
(363, 'ExchangeObjectTransfertListWithQuantityToInvMessage'),
(5620, 'ExchangeObjectUseInWorkshopMessage'),
(2293, 'ExchangeOfflineSoldItemsMessage'),
(8433, 'ExchangeOkMultiCraftMessage'),
(7941, 'ExchangeOnHumanVendorRequestMessage'),
(6229, 'ExchangePlayerMultiCraftRequestMessage'),
(7747, 'ExchangePlayerRequestMessage'),
(9910, 'ExchangeReadyMessage'),
(3254, 'ExchangeReplayStopMessage'),
(8012, 'ExchangeReplyTaxVendorMessage'),
(6869, 'ExchangeRequestedMessage'),
(3750, 'ExchangeRequestedTradeMessage'),
(1238, 'ExchangeRequestMessage'),
(5385, 'ExchangeRequestOnMountStockMessage'),
(7131, 'ExchangeRequestOnShopStockMessage'),
(6445, 'ExchangeRequestOnTaxCollectorMessage'),
(204, 'ExchangeSellMessage'),
(9740, 'ExchangeSellOkMessage'),
(7894, 'ExchangeSetCraftRecipeMessage'),
(3122, 'ExchangeShopStockMovementRemovedMessage'),
(8180, 'ExchangeShopStockMovementUpdatedMessage'),
(4684, 'ExchangeShopStockMultiMovementRemovedMessage'),
(9945, 'ExchangeShopStockMultiMovementUpdatedMessage'),
(1188, 'ExchangeShopStockStartedMessage'),
(7222, 'ExchangeShowVendorTaxMessage'),
(3462, 'ExchangeStartAsVendorMessage'),
(8471, 'ExchangeStartedBidBuyerMessage'),
(7100, 'ExchangeStartedBidSellerMessage'),
(364, 'ExchangeStartedMessage'),
(2823, 'ExchangeStartedMountStockMessage'),
(5746, 'ExchangeStartedTaxCollectorShopMessage'),
(7102, 'ExchangeStartedWithPodsMessage'),
(6686, 'ExchangeStartedWithStorageMessage'),
(1851, 'ExchangeStartOkCraftMessage'),
(3912, 'ExchangeStartOkCraftWithInformationMessage'),
(4727, 'ExchangeStartOkEvolutiveObjectRecycleTradeMessage'),
(2301, 'ExchangeStartOkHumanVendorMessage'),
(7587, 'ExchangeStartOkJobIndexMessage'),
(7181, 'ExchangeStartOkMountMessage'),
(9149, 'ExchangeStartOkMountWithOutPaddockMessage'),
(9190, 'ExchangeStartOkMulticraftCrafterMessage'),
(7849, 'ExchangeStartOkMulticraftCustomerMessage'),
(6013, 'ExchangeStartOkNpcShopMessage'),
(3831, 'ExchangeStartOkNpcTradeMessage'),
(1561, 'ExchangeStartOkRecycleTradeMessage'),
(8139, 'ExchangeStartOkRunesTradeMessage'),
(9585, 'ExchangeStoppedMessage'),
(5970, 'ExchangeTypesExchangerDescriptionForUserMessage'),
(512, 'ExchangeTypesItemsExchangerDescriptionForUserMessage'),
(1481, 'ExchangeWaitingResultMessage'),
(4972, 'ExchangeWeightMessage'),
(7583, 'FocusedExchangeReadyMessage'),
(3953, 'ItemNoMoreAvailableMessage'),
(5266, 'JobBookSubscribeRequestMessage'),
(973, 'RecycleResultMessage'),
(2288, 'UpdateMountCharacteristicsMessage'),
(4196, 'ExchangeKamaModifiedMessage'),
(7281, 'ExchangeMultiCraftCrafterCanUseHisRessourcesMessage'),
(8078, 'ExchangeMultiCraftSetCrafterCanUseHisRessourcesMessage'),
(621, 'ExchangeObjectModifiedInBagMessage'),
(3199, 'ExchangeObjectModifiedMessage'),
(6252, 'ExchangeObjectPutInBagMessage'),
(6930, 'ExchangeObjectRemovedFromBagMessage'),
(9625, 'ExchangeObjectRemovedMessage'),
(2329, 'ExchangeObjectsModifiedMessage'),
(1233, 'ExchangeObjectsRemovedMessage'),
(5160, 'ExchangePodsModifiedMessage'),
(3726, 'GoldAddedMessage'),
(7104, 'InventoryContentMessage'),
(9468, 'InventoryWeightMessage'),
(5728, 'LivingObjectChangeSkinRequestMessage'),
(4491, 'LivingObjectDissociateMessage'),
(3180, 'LivingObjectMessageMessage'),
(4834, 'LivingObjectMessageRequestMessage'),
(9013, 'MimicryObjectAssociatedMessage'),
(7584, 'MimicryObjectEraseRequestMessage'),
(9930, 'MimicryObjectErrorMessage'),
(324, 'MimicryObjectFeedAndAssociateRequestMessage'),
(9646, 'MimicryObjectPreviewMessage'),
(2030, 'ObjectAddedMessage'),
(5835, 'ObjectDeletedMessage'),
(8558, 'ObjectDeleteMessage'),
(2992, 'ObjectDropMessage'),
(3572, 'ObjectErrorMessage'),
(4965, 'ObjectJobAddedMessage'),
(369, 'ObjectModifiedMessage'),
(8621, 'ObjectMovementMessage'),
(6545, 'ObjectQuantityMessage'),
(4940, 'ObjectsAddedMessage'),
(3989, 'ObjectsDeletedMessage'),
(999, 'ObjectSetPositionMessage'),
(2820, 'ObjectsQuantityMessage'),
(3778, 'ObjectUseMessage'),
(3590, 'ObjectUseMultipleMessage'),
(613, 'ObjectUseOnCellMessage'),
(7436, 'ObjectUseOnCharacterMessage'),
(5257, 'ObtainedItemMessage'),
(7985, 'ObtainedItemWithBonusMessage'),
(9015, 'SetUpdateMessage'),
(6430, 'SymbioticObjectAssociatedMessage'),
(4909, 'SymbioticObjectAssociateRequestMessage'),
(2257, 'SymbioticObjectErrorMessage'),
(6972, 'WatchInventoryContentMessage'),
(8269, 'WrapperObjectAssociatedMessage'),
(8010, 'WrapperObjectDissociateRequestMessage'),
(6092, 'WrapperObjectErrorMessage'),
(4812, 'SpellListMessage'),
(8656, 'StorageInventoryContentMessage'),
(4793, 'StorageKamasUpdateMessage'),
(3328, 'StorageObjectRemoveMessage'),
(76, 'StorageObjectsRemoveMessage'),
(1981, 'StorageObjectsUpdateMessage'),
(3296, 'StorageObjectUpdateMessage'),
(3888, 'AccessoryPreviewErrorMessage'),
(4461, 'AccessoryPreviewMessage'),
(304, 'AccessoryPreviewRequestMessage'),
(3498, 'PopupWarningClosedMessage'),
(9170, 'PopupWarningCloseRequestMessage'),
(8535, 'PopupWarningMessage'),
(7717, 'AreaFightModificatorUpdateMessage'),
(3588, 'IconNamedPresetSaveRequestMessage'),
(9071, 'IconPresetSaveRequestMessage'),
(9861, 'IdolsPresetSaveRequestMessage'),
(7495, 'InvalidPresetsMessage'),
(2224, 'ItemForPresetUpdateMessage'),
(1437, 'PresetDeleteRequestMessage'),
(7351, 'PresetDeleteResultMessage'),
(4382, 'PresetSavedMessage'),
(5654, 'PresetSaveErrorMessage'),
(7244, 'PresetsMessage'),
(1642, 'PresetUseRequestMessage'),
(2868, 'PresetUseResultMessage'),
(4788, 'PresetUseResultWithMissingIdsMessage'),
(7786, 'PrismAttackRequestMessage'),
(3312, 'PrismFightAddedMessage'),
(6318, 'PrismFightAttackerAddMessage'),
(7866, 'PrismFightAttackerRemoveMessage'),
(5817, 'PrismFightDefenderAddMessage'),
(2795, 'PrismFightDefenderLeaveMessage'),
(965, 'PrismFightJoinLeaveRequestMessage'),
(8618, 'PrismFightRemovedMessage'),
(615, 'PrismFightStateUpdateMessage'),
(598, 'PrismFightSwapRequestMessage'),
(9764, 'PrismInfoCloseMessage'),
(9051, 'PrismInfoInValidMessage'),
(2274, 'PrismInfoJoinLeaveRequestMessage'),
(7991, 'PrismModuleExchangeRequestMessage'),
(4372, 'PrismSetSabotagedRefusedMessage'),
(4230, 'PrismSetSabotagedRequestMessage'),
(3365, 'PrismSettingsErrorMessage'),
(9341, 'PrismSettingsRequestMessage'),
(9147, 'PrismsInfoValidMessage'),
(4212, 'PrismsListMessage'),
(9238, 'PrismsListRegisterMessage'),
(7450, 'PrismsListUpdateMessage'),
(1490, 'PrismUseRequestMessage'),
(4501, 'ActivityHideRequestMessage'),
(785, 'ActivityLockRequestMessage'),
(5224, 'ActivitySuggestionsMessage'),
(8495, 'ActivitySuggestionsRequestMessage'),
(6344, 'AlignmentRankUpdateMessage'),
(6276, 'SetEnableAVARequestMessage'),
(6143, 'SetEnablePVPRequestMessage'),
(1924, 'UpdateMapPlayersAgressableStatusMessage'),
(9789, 'UpdateSelfAgressableStatusMessage'),
(6512, 'CinematicMessage'),
(9009, 'ShortcutBarAddErrorMessage'),
(6644, 'ShortcutBarAddRequestMessage'),
(4471, 'ShortcutBarContentMessage'),
(1647, 'ShortcutBarRefreshMessage'),
(8001, 'ShortcutBarRemovedMessage'),
(3395, 'ShortcutBarRemoveErrorMessage'),
(546, 'ShortcutBarRemoveRequestMessage'),
(9038, 'ShortcutBarReplacedMessage'),
(5950, 'ShortcutBarSwapErrorMessage'),
(7974, 'ShortcutBarSwapRequestMessage'),
(6750, 'BulletinMessage'),
(6425, 'ContactLookErrorMessage'),
(73, 'ContactLookMessage'),
(9760, 'ContactLookRequestByIdMessage'),
(270, 'ContactLookRequestByNameMessage'),
(850, 'ContactLookRequestMessage'),
(3335, 'SocialNoticeMessage'),
(6847, 'SocialNoticeSetErrorMessage'),
(1030, 'SocialNoticeSetRequestMessage'),
(3423, 'StartupActionAddMessage'),
(357, 'StartupActionFinishedMessage'),
(9526, 'StartupActionsAllAttributionMessage'),
(8715, 'StartupActionsExecuteMessage'),
(2121, 'StartupActionsListMessage'),
(3143, 'StartupActionsObjetAttributionMessage'),
(9284, 'SubscriptionLimitationMessage'),
(1651, 'SubscriptionZoneMessage'),
(6660, 'OrnamentGainedMessage'),
(5443, 'OrnamentLostMessage'),
(9432, 'OrnamentSelectedMessage'),
(9712, 'OrnamentSelectErrorMessage'),
(9911, 'OrnamentSelectRequestMessage'),
(5742, 'TitleGainedMessage'),
(2140, 'TitleLostMessage'),
(6670, 'TitlesAndOrnamentsListMessage'),
(3745, 'TitlesAndOrnamentsListRequestMessage'),
(7575, 'TitleSelectedMessage'),
(2717, 'TitleSelectErrorMessage'),
(8889, 'TitleSelectRequestMessage'),
(4910, 'ClientUIOpenedByObjectMessage'),
(7124, 'ClientUIOpenedMessage'),
(1568, 'ProtocolRequired'),
(6066, 'LoginQueueStatusMessage'),
(6358, 'QueueStatusMessage'),
(6594, 'TrustStatusMessage'),
(9184, 'CheckFileMessage'),
(5996, 'CheckFileRequestMessage'),
(6459, 'CheckIntegrityMessage'),
(5463, 'ClientKeyMessage'),
(6253, 'RawDataMessage'),
(507, 'SystemMessageDisplayMessage'),
(1332, 'AccountInformationsUpdateMessage'),
(9616, 'HaapiApiKeyMessage'),
(4951, 'HaapiApiKeyRequestMessage'),
(3720, 'HaapiAuthErrorMessage'),
(157, 'HaapiBufferListMessage'),
(4097, 'HaapiBufferListRequestMessage'),
(9125, 'HaapiBuyValidationMessage'),
(9012, 'HaapiCancelBidRequestMessage'),
(8957, 'HaapiConfirmationMessage'),
(4967, 'HaapiConfirmationRequestMessage'),
(6267, 'HaapiConsumeBufferRequestMessage'),
(2988, 'HaapiSessionMessage'),
(4410, 'HaapiShopApiKeyMessage'),
(9722, 'HaapiShopApiKeyRequestMessage'),
(5311, 'HaapiTokenMessage'),
(9276, 'HaapiTokenRequestMessage'),
(6534, 'HaapiValidationMessage'),
(4027, 'HaapiValidationRequestMessage'),
(3864, 'ClientYouAreDrunkMessage'),
(3805, 'AbstractPlayerSearchInformation'),
(327, 'AccountTagInformation'),
(1049, 'PlayerSearchCharacterNameInformation'),
(9624, 'PlayerSearchTagInformation'),
(2523, 'StatisticData'),
(3691, 'StatisticDataBoolean'),
(6497, 'StatisticDataByte'),
(7517, 'StatisticDataInt'),
(1405, 'StatisticDataShort'),
(5873, 'StatisticDataString'),
(1689, 'GameServerInformations'),
(704, 'Achievement'),
(6797, 'AchievementAchieved'),
(5520, 'AchievementAchievedRewardable'),
(8929, 'AchievementObjective'),
(1866, 'AchievementStartedObjective'),
(4274, 'FightDispellableEffectExtendedInformations'),
(3813, 'AbstractFightDispellableEffect'),
(9442, 'FightTemporaryBoostEffect'),
(3965, 'FightTemporaryBoostStateEffect'),
(8819, 'FightTemporaryBoostWeaponDamagesEffect'),
(8933, 'FightTemporarySpellBoostEffect'),
(9237, 'FightTemporarySpellImmunityEffect'),
(563, 'FightTriggeredEffect'),
(121, 'GameActionMark'),
(9832, 'GameActionMarkedCell'),
(2677, 'ServerSessionConstant'),
(2896, 'ServerSessionConstantInteger'),
(321, 'ServerSessionConstantLong'),
(7306, 'ServerSessionConstantString'),
(5580, 'AbstractCharacterInformation'),
(5297, 'CharacterBasicMinimalInformations'),
(3896, 'CharacterMinimalAllianceInformations'),
(4521, 'CharacterMinimalGuildInformations'),
(9653, 'CharacterMinimalGuildPublicInformations'),
(1163, 'CharacterMinimalInformations'),
(9416, 'CharacterMinimalPlusLookAndGradeInformations'),
(9662, 'CharacterMinimalPlusLookInformations'),
(8638, 'ActorAlignmentInformations'),
(6573, 'ActorExtendedAlignmentInformations'),
(2374, 'CharacterCharacteristic'),
(7017, 'CharacterCharacteristicDetailed'),
(6840, 'CharacterCharacteristics'),
(7748, 'CharacterCharacteristicsInformations'),
(2597, 'CharacterCharacteristicValue'),
(4068, 'CharacterSpellModification'),
(7986, 'CharacterUsableCharacteristicDetailed'),
(5401, 'CharacterBaseInformations'),
(4261, 'CharacterHardcoreOrEpicInformations'),
(1421, 'CharacterRemodelingInformation'),
(4602, 'CharacterToRemodelInformations'),
(186, 'RemodelingInformation'),
(1456, 'DebtInformation'),
(5032, 'KamaDebtInformation'),
(9952, 'PlayerNote'),
(9806, 'ActorRestrictionsInformations'),
(6420, 'PlayerStatus'),
(7364, 'PlayerStatusExtended'),
(43, 'ActorOrientation'),
(2478, 'EntityDispositionInformations'),
(9437, 'EntityMovementInformations'),
(9444, 'FightEntityDispositionInformations'),
(654, 'GameContextActorInformations'),
(6170, 'GameContextActorPositionInformations'),
(7087, 'GameRolePlayTaxCollectorInformations'),
(4702, 'IdentifiedEntityDispositionInformations'),
(3924, 'MapCoordinates'),
(5716, 'MapCoordinatesAndId'),
(2585, 'MapCoordinatesExtended'),
(7808, 'TaxCollectorStaticExtendedInformations'),
(326, 'TaxCollectorStaticInformations'),
(489, 'AbstractFightTeamInformations'),
(6709, 'BaseSpawnMonsterInformation'),
(5222, 'FightAllianceTeamInformations'),
(1471, 'FightCommonInformations'),
(5514, 'FightExternalInformations'),
(9751, 'FightLoot'),
(7374, 'FightOptionsInformations'),
(3041, 'FightResultAdditionalData'),
(1144, 'FightResultExperienceData'),
(1521, 'FightResultFighterListEntry'),
(7271, 'FightResultListEntry'),
(5089, 'FightResultMutantListEntry'),
(1767, 'FightResultPlayerListEntry'),
(831, 'FightResultPvpData'),
(6560, 'FightResultTaxCollectorListEntry'),
(1429, 'FightStartingPositions'),
(2541, 'FightTeamInformations'),
(3785, 'FightTeamLightInformations'),
(9862, 'FightTeamMemberCharacterInformations'),
(9680, 'FightTeamMemberEntityInformation'),
(6185, 'FightTeamMemberInformations'),
(1930, 'FightTeamMemberMonsterInformations'),
(5587, 'FightTeamMemberTaxCollectorInformations'),
(1942, 'FightTeamMemberWithAllianceCharacterInformations'),
(6679, 'GameContextBasicSpawnInformation'),
(5767, 'GameContextSummonsInformation'),
(7641, 'GameFightAIInformations'),
(2028, 'GameFightCharacterInformations'),
(6647, 'GameFightCharacteristics'),
(8089, 'GameFightEffectTriggerCount'),
(6386, 'GameFightEntityInformation'),
(8536, 'GameFightFighterEntityLightInformation'),
(3565, 'GameFightFighterInformations'),
(3570, 'GameFightFighterLightInformations'),
(4660, 'GameFightFighterMonsterLightInformations'),
(908, 'GameFightFighterNamedInformations'),
(582, 'GameFightFighterNamedLightInformations'),
(9541, 'GameFightFighterTaxCollectorLightInformations'),
(2237, 'GameFightMonsterInformations'),
(298, 'GameFightMonsterWithAlignmentInformations'),
(8582, 'GameFightMutantInformations'),
(9297, 'GameFightResumeSlaveInfo'),
(7354, 'GameFightSpellCooldown'),
(3430, 'GameFightTaxCollectorInformations'),
(3107, 'SpawnCharacterInformation'),
(2343, 'SpawnCompanionInformation'),
(7267, 'SpawnInformation'),
(8519, 'SpawnMonsterInformation'),
(6782, 'SpawnScaledMonsterInformation'),
(6061, 'AllianceInformations'),
(3064, 'AlternativeMonstersInGroupLightInformations'),
(6237, 'AnomalySubareaInformation'),
(1935, 'AtlasPointsInformations'),
(3081, 'BasicAllianceInformations'),
(8506, 'BasicGuildInformations'),
(9562, 'BasicNamedAllianceInformations'),
(6717, 'GameRolePlayActorInformations'),
(8521, 'GameRolePlayCharacterInformations'),
(1366, 'GameRolePlayGroupMonsterInformations'),
(6285, 'GameRolePlayGroupMonsterWaveInformations'),
(7944, 'GameRolePlayHumanoidInformations'),
(9227, 'GameRolePlayMerchantInformations'),
(7448, 'GameRolePlayMountInformations'),
(6283, 'GameRolePlayMutantInformations'),
(4947, 'GameRolePlayNamedActorInformations'),
(5678, 'GameRolePlayNpcInformations'),
(2508, 'GameRolePlayNpcWithQuestInformations'),
(1625, 'GameRolePlayPortalInformations'),
(6846, 'GameRolePlayPrismInformations'),
(378, 'GameRolePlayTreasureHintInformations'),
(9264, 'GroupMonsterStaticInformations'),
(2772, 'GroupMonsterStaticInformationsWithAlternatives'),
(8376, 'GuildInAllianceInformations'),
(2087, 'GuildInformations'),
(9835, 'HumanInformations'),
(2188, 'HumanOption'),
(5888, 'HumanOptionAlliance'),
(5987, 'HumanOptionEmote'),
(3918, 'HumanOptionFollowers'),
(2368, 'HumanOptionGuild'),
(429, 'HumanOptionObjectUse'),
(8334, 'HumanOptionOrnament'),
(8934, 'HumanOptionSkillUse'),
(3545, 'HumanOptionTitle'),
(496, 'MonsterBoosts'),
(9903, 'MonsterInGroupInformations'),
(7323, 'MonsterInGroupLightInformations'),
(4206, 'ObjectItemInRolePlay'),
(3642, 'AlignmentWarEffortInformation'),
(5646, 'BreachBranch'),
(5243, 'BreachReward'),
(8945, 'ExtendedBreachBranch'),
(6618, 'ExtendedLockedBreachBranch'),
(7027, 'ArenaLeagueRanking'),
(6375, 'ArenaRankInfos'),
(4952, 'ArenaRanking'),
(9874, 'LeagueFriendInformations'),
(3047, 'DecraftedItemStackInfo'),
(8998, 'JobBookSubscription'),
(9554, 'JobCrafterDirectoryEntryJobInfo'),
(3988, 'JobCrafterDirectoryEntryPlayerInfo'),
(7224, 'JobCrafterDirectoryListEntry'),
(1399, 'JobCrafterDirectorySettings'),
(7734, 'JobDescription'),
(8113, 'JobExperience'),
(4605, 'MapNpcQuestInfo'),
(2372, 'DungeonPartyFinderPlayer'),
(3930, 'NamedPartyTeam'),
(4379, 'NamedPartyTeamWithOutcome'),
(7718, 'PartyGuestInformations'),
(476, 'PartyInvitationMemberInformations'),
(9313, 'PartyMemberArenaInformations');
INSERT INTO `message_network` (`id_message`, `name_message`) VALUES
(9520, 'PartyMemberGeoPosition'),
(7914, 'PartyMemberInformations'),
(6975, 'PartyEntityBaseInformation'),
(7631, 'PartyEntityMemberInformation'),
(5978, 'GameRolePlayNpcQuestFlag'),
(9268, 'QuestActiveDetailedInformations'),
(2760, 'QuestActiveInformations'),
(4648, 'QuestObjectiveInformations'),
(7098, 'QuestObjectiveInformationsWithCompletion'),
(9573, 'PortalInformation'),
(7420, 'TreasureHuntFlag'),
(460, 'TreasureHuntStep'),
(8255, 'TreasureHuntStepDig'),
(3432, 'TreasureHuntStepFight'),
(3021, 'TreasureHuntStepFollowDirection'),
(6567, 'TreasureHuntStepFollowDirectionToHint'),
(9221, 'TreasureHuntStepFollowDirectionToPOI'),
(7213, 'BidExchangerObjectInfo'),
(2240, 'ForgettableSpellItem'),
(2323, 'GoldItem'),
(4093, 'Item'),
(5846, 'ObjectEffects'),
(4732, 'ObjectItem'),
(6770, 'ObjectItemGenericQuantity'),
(2477, 'ObjectItemInformationWithQuantity'),
(9780, 'ObjectItemMinimalInformation'),
(8906, 'ObjectItemNotInContainer'),
(4560, 'ObjectItemQuantity'),
(3782, 'ObjectItemQuantityPriceDateEffects'),
(8980, 'ObjectItemToSell'),
(2802, 'ObjectItemToSellInBid'),
(1837, 'ObjectItemToSellInHumanVendorShop'),
(7733, 'ObjectItemToSellInNpcShop'),
(9244, 'SellerBuyerDescriptor'),
(7846, 'SpellItem'),
(2574, 'ObjectEffect'),
(540, 'ObjectEffectCreature'),
(8461, 'ObjectEffectDate'),
(4894, 'ObjectEffectDice'),
(3194, 'ObjectEffectDuration'),
(3036, 'ObjectEffectInteger'),
(3887, 'ObjectEffectLadder'),
(475, 'ObjectEffectMinMax'),
(1757, 'ObjectEffectMount'),
(5776, 'ObjectEffectString'),
(4176, 'EntityInformation'),
(9062, 'ProtectedEntityWaitingForHelpInfo'),
(1814, 'FinishMoveInformations'),
(1136, 'AbstractContactInformations'),
(7715, 'AcquaintanceInformation'),
(805, 'AcquaintanceOnlineInformation'),
(7384, 'FriendInformations'),
(8399, 'FriendOnlineInformations'),
(4557, 'FriendSpouseInformations'),
(7369, 'FriendSpouseOnlineInformations'),
(1311, 'IgnoredInformations'),
(1691, 'IgnoredOnlineInformations'),
(5099, 'GuildEmblem'),
(5135, 'GuildMember'),
(6218, 'GuildRankInformation'),
(1820, 'GuildRankMinimalInformation'),
(701, 'GuildRankPublicInformation'),
(9003, 'HavenBagFurnitureInformation'),
(6786, 'ApplicationPlayerInformation'),
(8374, 'GuildApplicationInformation'),
(3354, 'GuildLogbookEntryBasicInformation'),
(2024, 'GuildLogbookChestActivity'),
(8158, 'GuildLevelUpActivity'),
(2474, 'GuildPaddockActivity'),
(7061, 'GuildPlayerFlowActivity'),
(3639, 'GuildPlayerRankUpdateActivity'),
(556, 'GuildRankActivity'),
(5956, 'GuildRecruitmentInformation'),
(859, 'AdditionalTaxCollectorInformations'),
(9607, 'TaxCollectorBasicInformations'),
(4709, 'TaxCollectorComplementaryInformations'),
(6415, 'TaxCollectorFightersInformation'),
(7537, 'TaxCollectorGuildInformations'),
(6658, 'TaxCollectorInformations'),
(1384, 'TaxCollectorLootInformations'),
(628, 'TaxCollectorMovement'),
(5434, 'TaxCollectorWaitingForHelpInformations'),
(9145, 'HavenBagRoomPreviewInformation'),
(8072, 'AccountHouseInformations'),
(1347, 'HouseGuildedInformations'),
(6549, 'HouseInformations'),
(6468, 'HouseInformationsForGuild'),
(431, 'HouseInformationsForSell'),
(605, 'HouseInformationsInside'),
(9586, 'HouseInstanceInformations'),
(9971, 'HouseOnMapInformations'),
(6698, 'Idol'),
(4417, 'PartyIdol'),
(9571, 'InteractiveElement'),
(6746, 'InteractiveElementNamedSkill'),
(3239, 'InteractiveElementSkill'),
(2877, 'InteractiveElementWithAgeBonus'),
(2739, 'MapObstacle'),
(9902, 'StatedElement'),
(1225, 'SkillActionDescription'),
(8498, 'SkillActionDescriptionCollect'),
(6719, 'SkillActionDescriptionCraft'),
(980, 'SkillActionDescriptionTimed'),
(2123, 'TeleportDestination'),
(5503, 'RecycledItem'),
(138, 'EntityLook'),
(7423, 'IndexedEntityLook'),
(5050, 'SubEntity'),
(418, 'ItemDurability'),
(5618, 'MountClientData'),
(1799, 'UpdateMountBooleanCharacteristic'),
(405, 'UpdateMountCharacteristic'),
(6875, 'UpdateMountIntegerCharacteristic'),
(4018, 'MountInformationsForPaddock'),
(1577, 'PaddockBuyableInformations'),
(3358, 'PaddockContentInformations'),
(4153, 'PaddockGuildedInformations'),
(2634, 'PaddockInformations'),
(5132, 'PaddockInformationsForSell'),
(4767, 'PaddockInstancesInformations'),
(6449, 'PaddockItem'),
(5285, 'CharacterCharacteristicForPreset'),
(4162, 'EntitiesPreset'),
(1824, 'ForgettableSpellsPreset'),
(3705, 'FullStatsPreset'),
(5617, 'IconNamedPreset'),
(5486, 'IdolsPreset'),
(3065, 'ItemForPreset'),
(5501, 'ItemsPreset'),
(5362, 'Preset'),
(5372, 'PresetsContainerPreset'),
(9939, 'SimpleCharacterCharacteristicForPreset'),
(6262, 'SpellForPreset'),
(6705, 'SpellsPreset'),
(5603, 'StatsPreset'),
(3946, 'AllianceInsiderPrismInformation'),
(3632, 'AlliancePrismInformation'),
(7824, 'PrismFightersInformation'),
(3332, 'PrismGeolocalizedInformation'),
(5051, 'PrismInformation'),
(7041, 'PrismSubareaEmptyInfo'),
(6926, 'Shortcut'),
(3391, 'ShortcutEmote'),
(7019, 'ShortcutEntitiesPreset'),
(2067, 'ShortcutObject'),
(5471, 'ShortcutObjectIdolsPreset'),
(2109, 'ShortcutObjectItem'),
(8199, 'ShortcutObjectPreset'),
(4710, 'ShortcutSmiley'),
(9487, 'ShortcutSpell'),
(7844, 'AbstractSocialGroupInfos'),
(9421, 'AlliancedGuildFactSheetInformations'),
(6464, 'AllianceFactSheetInformations'),
(8574, 'GuildFactSheetInformations'),
(8732, 'GuildInAllianceVersatileInformations'),
(3696, 'GuildInsiderFactSheetInformations'),
(3677, 'GuildVersatileInformations'),
(6667, 'StartupActionAddObject'),
(170, 'TrustCertificate'),
(5998, 'Version'),
(3115, 'BufferInformation');

-- --------------------------------------------------------

--
-- Structure de la table `rune`
--

CREATE TABLE `rune` (
  `name` varchar(255) NOT NULL,
  `dofus_id` int(11) NOT NULL,
  `reliquat_weight` float UNSIGNED DEFAULT NULL
) ENGINE=InnoDB DEFAULT CHARSET=latin1;

--
-- Contenu de la table `rune`
--

INSERT INTO `rune` (`name`, `dofus_id`, `reliquat_weight`) VALUES
('%Résistance Air', 212, 6),
('%Résistance Eau', 211, 6),
('%Résistance Feu', 213, 6),
('%Résistance Neutre', 214, 6),
('%Résistance Terre', 210, 6),
('-%Critique', 171, 1),
('-%Dommagesauxsorts', 2813, 1),
('-%Dommagesd\'armes', 2809, 1),
('-%Dommagesdistance', 2805, 1),
('-%Dommagesmêlée', 2801, 1),
('-%RésistanceAir', 217, 1),
('-%Résistancedistance', 2806, 1),
('-%RésistanceEau', 216, 1),
('-%RésistanceFeu', 218, 1),
('-%Résistancemêlée', 2802, 1),
('-%RésistanceNeutre', 219, 1),
('-%RésistanceTerre', 215, 1),
('-Agilité', 154, 1),
('-Chance', 152, 1),
('-Dommages', 145, 1),
('-DommagesAir', 429, 1),
('-DommagesCritiques', 419, 1),
('-DommagesEau', 427, 1),
('-DommagesFeu', 425, 1),
('-DommagesNeutre', 431, 1),
('-DommagesPoussée', 415, 1),
('-DommagesTerre', 423, 1),
('-EsquivePA', 162, 1),
('-EsquivePM', 163, 1),
('-Force', 157, 1),
('-Fuite', 754, 1),
('-Initiative', 175, 1),
('-Intelligence', 155, 1),
('-PA', 168, 1),
('-PM', 169, 1),
('-Pods', 159, 1),
('-Portée', 116, 1),
('-Prospection', 177, 1),
('-Puissance', 186, 1),
('-RésistanceAir', 247, 1),
('-RésistanceCritiques', 421, 1),
('-RésistanceEau', 246, 1),
('-RésistanceFeu', 248, 1),
('-RésistanceNeutre', 249, 1),
('-RésistancePoussée', 417, 1),
('-RésistanceTerre', 245, 1),
('-RetraitPA', 411, 1),
('-RetraitPM', 413, 1),
('-Sagesse', 156, 1),
('-Soins', 179, 1),
('-Tacle', 755, 1),
('-Vitalité', 153, 0.2),
('Agilité', 119, 1),
('Arme de chasse', 795, 5),
('Chance', 123, 1),
('Critiques', 115, 10),
('Dommages', 112, 20),
('Dommages Air', 428, 5),
('Dommages aux sorts', 2812, 5),
('Dommages Critiques', 418, 5),
('Dommages d\'armes', 2808, 15),
('Dommages distance', 2804, 15),
('Dommages Eau', 426, 5),
('Dommages Feu', 424, 5),
('Dommages mêlée', 2800, 15),
('Dommages Neutre', 430, 5),
('Dommages Pièges', 225, 5),
('Dommages Poussée', 414, 5),
('Dommages Terre', 422, 5),
('Esquive PA', 160, 7),
('Esquive PM', 161, 7),
('Force', 118, 1),
('Fuite', 752, 4),
('Initiative', 174, 0.1),
('Intelligence', 126, 1),
('Invocations', 182, 30),
('PA', 111, 100),
('PM', 128, 90),
('Pods', 158, 0.25),
('Portée', 117, 51),
('Prospection', 176, 3),
('Puissance', 138, 2),
('Puissance (pièges)', 226, 2),
('Renvoie  dommages', 220, 10),
('Résistance Air', 242, 2),
('Résistance Critiques', 420, 2),
('Résistance distance', 2807, 15),
('Résistance Eau', 241, 2),
('Résistance Feu', 243, 2),
('Résistance mêlée', 2803, 15),
('Résistance Neutre', 244, 2),
('Résistance Poussée', 416, 2),
('Résistance Terre', 240, 2),
('Retrait PA', 410, 7),
('Retrait PM', 412, 7),
('Sagesse', 124, 3),
('Soins', 178, 10),
('Tacle', 753, 4),
('Vitalité', 125, 0.2);

-- --------------------------------------------------------

--
-- Structure de la table `target_line`
--

CREATE TABLE `target_line` (
  `type_rune` varchar(255) NOT NULL,
  `value_rune` int(11) NOT NULL,
  `line_rune` int(11) NOT NULL,
  `column_rune` int(11) NOT NULL,
  `name_item` varchar(255) NOT NULL
) ENGINE=InnoDB DEFAULT CHARSET=latin1;

--
-- Contenu de la table `target_line`
--

INSERT INTO `target_line` (`type_rune`, `value_rune`, `line_rune`, `column_rune`, `name_item`) VALUES
('Vitalité', 236, 0, 1, 'Alliance pandamonium'),
('Initiative', 260, 6, 1, 'Alliance pandamonium'),
('Force', 55, 1, 1, 'Alliance pandamonium'),
('Sagesse', 13, 2, 1, 'Alliance pandamonium'),
('Résistance Poussée', 12, 10, 1, 'Alliance pandamonium'),
('Esquive PA', 8, 9, 0, 'Alliance pandamonium'),
('Dommages Terre', 7, 5, 0, 'Alliance pandamonium'),
('Dommages Neutre', 7, 4, 0, 'Alliance pandamonium'),
('%Résistance Terre', 7, 7, 0, 'Alliance pandamonium'),
('Fuite', 6, 8, 0, 'Alliance pandamonium'),
('Invocations', 1, 3, 0, 'Alliance pandamonium'),
('Vitalité', 186, 0, 1, 'Bagues instable'),
('Sagesse', 45, 1, 1, 'Bagues instable'),
('Dommages Poussée', 36, 9, 1, 'Bagues instable'),
('Tacle', 10, 7, 0, 'Bagues instable'),
('Esquive PA', 8, 8, 0, 'Bagues instable'),
('Dommages Neutre', 4, 2, 0, 'Bagues instable'),
('Dommages Terre', 4, 3, 0, 'Bagues instable'),
('Dommages Feu', 4, 4, 0, 'Bagues instable'),
('Dommages Eau', 4, 5, 0, 'Bagues instable'),
('Dommages Air', 4, 6, 0, 'Bagues instable'),
('Initiative', 360, 7, 1, 'alliance gloursonne'),
('Vitalité', 236, 0, 1, 'alliance gloursonne'),
('Chance', 55, 1, 1, 'alliance gloursonne'),
('Agilité', 55, 2, 1, 'alliance gloursonne'),
('Sagesse', 35, 3, 1, 'alliance gloursonne'),
('Dommages Air', 10, 6, 0, 'alliance gloursonne'),
('Dommages Eau', 10, 5, 0, 'alliance gloursonne'),
('%Résistance Terre', 7, 9, 0, 'alliance gloursonne'),
('%Résistance Neutre', 7, 8, 0, 'alliance gloursonne'),
('%Résistance Feu', 7, 10, 0, 'alliance gloursonne'),
('Tacle', 4, 11, 0, 'alliance gloursonne'),
('Portée', 1, 4, 0, 'alliance gloursonne'),
('Tacle', 15, 1, 1, 'Bouclier anerice'),
('Esquive PM', 8, 2, 1, 'Bouclier anerice'),
('Critiques', 4, 0, 0, 'Bouclier anerice'),
('Résistance mêlée', 15, 3, 0, 'Bouclier anerice'),
('Initiative', 360, 7, 1, 'Alli glours panda tank'),
('Agilité', 40, 2, 1, 'Alli glours panda tank'),
('Chance', 40, 1, 1, 'Alli glours panda tank'),
('Sagesse', 36, 3, 1, 'Alli glours panda tank'),
('Vitalité', 240, 0, 1, 'Alli glours panda tank'),
('%Résistance Neutre', 7, 8, 0, 'Alli glours panda tank'),
('%Résistance Terre', 7, 9, 0, 'Alli glours panda tank'),
('%Résistance Feu', 7, 10, 0, 'Alli glours panda tank'),
('Dommages Air', 5, 6, 0, 'Alli glours panda tank'),
('Tacle', 5, 11, 0, 'Alli glours panda tank'),
('Portée', 1, 4, 0, 'Alli glours panda tank'),
('Dommages Eau', 5, 5, 0, 'Alli glours panda tank'),
('Vitalité', 280, 0, 1, 'Anneau rtograf'),
('Chance', 54, 2, 1, 'Anneau rtograf'),
('Agilité', 54, 3, 1, 'Anneau rtograf'),
('Intelligence', 54, 1, 1, 'Anneau rtograf'),
('Dommages Air', 7, 8, 0, 'Anneau rtograf'),
('Dommages Eau', 7, 7, 0, 'Anneau rtograf'),
('Dommages Critiques', 7, 12, 0, 'Anneau rtograf'),
('Dommages Feu', 7, 6, 0, 'Anneau rtograf'),
('%Résistance Feu', 3, 9, 0, 'Anneau rtograf'),
('%Résistance Eau', 3, 10, 0, 'Anneau rtograf'),
('%Résistance Air', 3, 11, 0, 'Anneau rtograf'),
('Critiques', 3, 4, 0, 'Anneau rtograf'),
('Portée', 1, 5, 0, 'Anneau rtograf'),
('Vitalité', 280, 0, 1, 'Alliance missiz friz'),
('Force', 46, 1, 1, 'Alliance missiz friz'),
('Chance', 35, 3, 1, 'Alliance missiz friz'),
('Intelligence', 35, 2, 1, 'Alliance missiz friz'),
('Dommages Critiques', 9, 10, 0, 'Alliance missiz friz'),
('Dommages Neutre', 9, 5, 0, 'Alliance missiz friz'),
('Dommages Terre', 9, 6, 0, 'Alliance missiz friz'),
('Soins', 5, 7, 0, 'Alliance missiz friz'),
('Résistance Terre', 6, 8, 1, 'Alliance missiz friz'),
('Critiques', 3, 4, 0, 'Alliance missiz friz'),
('-Fuite', 7, 9, 0, 'Alliance missiz friz'),
('Résistance Eau', 16, 1, 1, 'Cadran d\'eau'),
('Dommages mêlée', 12, 3, 0, 'Cadran d\'eau'),
('%Résistance Eau', 7, 0, 0, 'Cadran d\'eau'),
('Retrait PM', 5, 2, 0, 'Cadran d\'eau'),
('Dommages Poussée', 20, 2, 1, 'Bouclier possédé'),
('Fuite', 15, 1, 1, 'Bouclier possédé'),
('Dommages mêlée', 15, 3, 0, 'Bouclier possédé'),
('%Résistance Feu', 10, 0, 0, 'Bouclier possédé'),
('Vitalité', 280, 0, 1, 'Alliance brulame'),
('Intelligence', 54, 2, 1, 'Alliance brulame'),
('Agilité', 54, 3, 1, 'Alliance brulame'),
('Force', 54, 1, 1, 'Alliance brulame'),
('Sagesse', 23, 4, 1, 'Alliance brulame'),
('Dommages Neutre', 6, 5, 0, 'Alliance brulame'),
('Dommages Terre', 6, 6, 0, 'Alliance brulame'),
('Dommages Feu', 6, 7, 0, 'Alliance brulame'),
('%Résistance Air', 7, 10, 0, 'Alliance brulame'),
('Dommages Air', 6, 8, 0, 'Alliance brulame'),
('%Résistance Eau', 7, 9, 0, 'Alliance brulame'),
('Vitalité', 290, 0, 1, 'Missiz friz commande'),
('Force', 45, 1, 1, 'Missiz friz commande'),
('Chance', 30, 3, 1, 'Missiz friz commande'),
('Intelligence', 30, 2, 1, 'Missiz friz commande'),
('Résistance Terre', 6, 8, 0, 'Missiz friz commande'),
('Dommages Terre', 9, 6, 0, 'Missiz friz commande'),
('Dommages Critiques', 9, 9, 0, 'Missiz friz commande'),
('Dommages Neutre', 10, 5, 0, 'Missiz friz commande'),
('Soins', 5, 7, 0, 'Missiz friz commande'),
('Critiques', 3, 4, 0, 'Missiz friz commande');

--
-- Index pour les tables exportées
--

--
-- Index pour la table `item`
--
ALTER TABLE `item`
  ADD PRIMARY KEY (`name`);

--
-- Index pour la table `rune`
--
ALTER TABLE `rune`
  ADD PRIMARY KEY (`name`);

--
-- Index pour la table `target_line`
--
ALTER TABLE `target_line`
  ADD KEY `name_item` (`name_item`),
  ADD KEY `type_rune` (`type_rune`);

--
-- Contraintes pour les tables exportées
--

--
-- Contraintes pour la table `target_line`
--
ALTER TABLE `target_line`
  ADD CONSTRAINT `target_line_ibfk_1` FOREIGN KEY (`name_item`) REFERENCES `item` (`name`),
  ADD CONSTRAINT `target_line_ibfk_2` FOREIGN KEY (`type_rune`) REFERENCES `rune` (`name`);

/*!40101 SET CHARACTER_SET_CLIENT=@OLD_CHARACTER_SET_CLIENT */;
/*!40101 SET CHARACTER_SET_RESULTS=@OLD_CHARACTER_SET_RESULTS */;
/*!40101 SET COLLATION_CONNECTION=@OLD_COLLATION_CONNECTION */;
